<?xml version="1.0" encoding="UTF-8"?>
<!DOCTYPE suite SYSTEM "https://testng.org/testng-1.0.dtd">
<suite name="Suite">
  <test thread-count="5" name="Test" verbose="5">
  <parameter name="url" value="https://login.salesforce.com"></parameter>
  <parameter name="userName" value="sathyapriya.v@gmail.com"></parameter>
  <parameter name="password" value="Testleaf@123"></parameter>
    <classes>
      <class name="leadTab.ManageCases"/>
    </classes>
  
  </test> <!-- Test -->
</suite> <!-- Suite -->
