<?xml version="1.0" encoding="UTF-8"?>
<!DOCTYPE suite SYSTEM "https://testng.org/testng-1.0.dtd">
<suite parallel="tests" name="Suite">
  <test thread-count="5" parallel="tests" name="Test">
    <classes>
      <class name="testcases.Step1LeadCreation"/>
      <class name="testcases.Step2UpdateLead"/>
      <class name="testcases.Step3DeleteLead"/>
    </classes>
    
  </test> <!-- Test -->
  <test thread-count="5" parallel="tests" name="Test1">
    <classes>
      <class name="testcases.Step1LeadCreation"/>
      <class name="testcases.Step2UpdateLead"/>
      <class name="testcases.Step3DeleteLead"/>
    </classes>
    
  </test> <!-- Test -->
  <test thread-count="5" parallel="tests" name="Test3">
    <classes>
      <class name="testcases.Step1LeadCreation"/>
      <class name="testcases.Step2UpdateLead"/>
      <class name="testcases.Step3DeleteLead"/>
    </classes>
    																																																								
  </test> <!-- Test -->
</suite> <!-- Suite -->
