<?xml version="1.0" encoding="UTF-8"?>
<!DOCTYPE suite SYSTEM "https://testng.org/testng-1.0.dtd">
<suite parallel="tests" name="Suite">
  <test thread-count="5" parallel="tests" name="Test">
  <parameter name="browser" value="chrome"></parameter>
  <parameter name="url" value="https://login.salesforce.com"></parameter>
  <parameter name="userName" value="sathyapriya.v@gmail.com"></parameter>
  <parameter name="password" value="Testleaf@123"></parameter>
    <classes>
      <class name="testcasesCrossBrowser.ManageCases"/>
    </classes>
  </test> <!-- Test -->
  <test thread-count="5" parallel="tests" name="Test2">
  <parameter name="browser" value="edge"></parameter>
  <parameter name="url" value="https://login.salesforce.com"></parameter>
  <parameter name="userName" value="sathyapriya.v@gmail.com"></parameter>
  <parameter name="password" value="Testleaf@123"></parameter>
    <classes>
      <class name="testcasesCrossBrowser.ManageCases"/>
    </classes>
  </test> <!-- Test -->
</suite> <!-- Suite -->
